{"cameraMode":{"drawMode":0,"name":"Shaded","section":"Shading Mode"},"sceneLighting":true,"audioPlay":false,"sceneViewState":{"m_AlwaysRefresh":false,"showFog":true,"showSkybox":true,"showFlares":true,"showImageEffects":true,"showParticleSystems":true,"showVisualEffectGraphs":true,"m_FxEnabled":true},"in2DMode":false,"pivot":{"x":-37.932926177978519,"y":0.000003814697265625,"z":5.822654724121094},"rotation":{"x":-0.0009604336228221655,"y":0.9910352230072022,"z":-0.13340722024440766,"w":-0.007134407293051481},"size":25.639793395996095,"orthographic":false}